,comment_id,comment_parent_id,comment_body,comment_score,comment_subreddit,comment_time_stamp,post_time_stamp
0,glf6o15,t3_l8ytpa,"This post was flaired as a YOLO so it's on the YOLO list. [Find more YOLOs here!](https://ns.reddit.com/r/wallstreetbets/search?sort=new&q=flair%3AYOLO&restrict_sr=on&t=da)

Hey /u/rickie707 the YOLO flair is for big dick trades that you're already in. If you misused the flair please change it. Mods have been notified of this thread.

[Submission Flair Guide](https://www.reddit.com/r/wallstreetbets/wiki/linkflair)

*I am a bot, and this action was performed automatically. Please [contact the moderators of this subreddit](/message/compose/?to=/r/wallstreetbets) if you have any questions or concerns.*",1,wallstreetbets,1612049530.0,1612049530.0
1,glf6jpu,t3_l8ysya,"Nobody tell him

*I am a bot, and this action was performed automatically. Please [contact the moderators of this subreddit](/message/compose/?to=/r/wallstreetbets) if you have any questions or concerns.*",1,wallstreetbets,1612049469.0,1612049469.0
2,glf6i5q,t3_l8ysot,"This post was flaired as a YOLO so it's on the YOLO list. [Find more YOLOs here!](https://ns.reddit.com/r/wallstreetbets/search?sort=new&q=flair%3AYOLO&restrict_sr=on&t=da)

Hey /u/Bigbluebananas the YOLO flair is for big dick trades that you're already in. If you misused the flair please change it. Mods have been notified of this thread.

[Submission Flair Guide](https://www.reddit.com/r/wallstreetbets/wiki/linkflair)

*I am a bot, and this action was performed automatically. Please [contact the moderators of this subreddit](/message/compose/?to=/r/wallstreetbets) if you have any questions or concerns.*",1,wallstreetbets,1612049446.0,1612049446.0
3,glf6hty,t3_l8yrxf,Do I need UV light to read this post because it‚Äôs blank.,1,wallstreetbets,1612049442.0,1612049385.0
4,glf6o76,t1_glf6hty,No you are just retarded like me is all.,1,wallstreetbets,1612049532.0,1612049385.0
5,glf6f2u,t3_l8yro2,BUY IT BACK,98,wallstreetbets,1612049402.0,1612049363.0
6,glf6hco,t3_l8yro2,YOU ARE PAPER HANDS BUY IT BACK This is not financial advice I lick windows in my free time,48,wallstreetbets,1612049435.0,1612049363.0
7,glf6hfd,t3_l8yro2,Shallowfuckingvalue,44,wallstreetbets,1612049436.0,1612049363.0
8,glf6o7f,t3_l8yro2,Dont worry I did the same thing and sold my free GME from robinhood back in April for $5.62 but I just bought back in at $318,23,wallstreetbets,1612049532.0,1612049363.0
9,glf6nuz,t3_l8yro2,Really hurting for $3.91,23,wallstreetbets,1612049527.0,1612049363.0
10,glf6i93,t3_l8yro2,"Buy on Monday, we just like the stock",11,wallstreetbets,1612049448.0,1612049363.0
11,glf6nfe,t3_l8yro2,Try buying 50 shares at its 3.50 low and selling when it hit 5 bucks lol,9,wallstreetbets,1612049521.0,1612049363.0
12,glf6hnz,t3_l8yro2,retard,5,wallstreetbets,1612049439.0,1612049363.0
13,glf6ot3,t3_l8yro2,Redeem yourself. Paper hands can turn to diamond hands with a click of a button,4,wallstreetbets,1612049541.0,1612049363.0
14,glf7wy1,t3_l8yro2,No wonder they gave it out as a free stock. They were planning to short the fuck out of it.,4,wallstreetbets,1612050171.0,1612049363.0
15,glf6kfb,t3_l8yro2,üßª üôå,3,wallstreetbets,1612049478.0,1612049363.0
16,glf6liv,t3_l8yro2,[deleted],2,wallstreetbets,1612049494.0,1612049363.0
17,glf6u0f,t3_l8yro2,No one gunna mention how RH used a üöÄ lol ironic,2,wallstreetbets,1612049614.0,1612049363.0
18,glf924s,t3_l8yro2,F,2,wallstreetbets,1612050765.0,1612049363.0
19,glfb6ob,t3_l8yro2,That some good loss porn,2,wallstreetbets,1612051875.0,1612049363.0
20,glfc8eh,t3_l8yro2,"Loss isn‚Äôt more than $2,500. Ban",2,wallstreetbets,1612052415.0,1612049363.0
21,glf6hg4,t3_l8yro2,Smooth brained as f retard,2,wallstreetbets,1612049436.0,1612049363.0
22,glf6krf,t3_l8yro2,‚ÄúWoo! ü§ó‚Äù - **Melvin Capital**,2,wallstreetbets,1612049483.0,1612049363.0
23,glf6lvz,t3_l8yro2,The big sad,1,wallstreetbets,1612049499.0,1612049363.0
24,glf6mcq,t3_l8yro2,I love this stonk.,1,wallstreetbets,1612049505.0,1612049363.0
25,glf6mp6,t3_l8yro2,People would rape and pillage to get it at that price today.,1,wallstreetbets,1612049510.0,1612049363.0
26,glf6n4d,t3_l8yro2,Bruhhhhh rip,1,wallstreetbets,1612049517.0,1612049363.0
27,glf6neu,t3_l8yro2,F,1,wallstreetbets,1612049521.0,1612049363.0
28,glf6ns2,t3_l8yro2,"You can still redeem yourself on Monday by buying at open.  
This isn't financial advice. I just like the stock.",1,wallstreetbets,1612049526.0,1612049363.0
29,glf70k7,t3_l8yro2,Damn sorry,1,wallstreetbets,1612049708.0,1612049363.0
30,glf7gqu,t3_l8yro2,Paper handing GME. Big mistake.,1,wallstreetbets,1612049939.0,1612049363.0
31,glf7jr2,t3_l8yro2,fucking retard,1,wallstreetbets,1612049982.0,1612049363.0
32,glf7p3s,t3_l8yro2,Trade like you can only trade 1 share,1,wallstreetbets,1612050058.0,1612049363.0
33,glf7v0g,t3_l8yro2,You can but it back for about a $310 finder‚Äôs fee.,1,wallstreetbets,1612050144.0,1612049363.0
34,glf7wph,t3_l8yro2,They gave me that also still holding strong,1,wallstreetbets,1612050168.0,1612049363.0
35,glf7znq,t3_l8yro2,They gave me a stock of Sirius Radio. I‚Äôm not letting that go either,1,wallstreetbets,1612050211.0,1612049363.0
36,glf86it,t3_l8yro2,Oof,1,wallstreetbets,1612050313.0,1612049363.0
37,glf89w7,t3_l8yro2,What a fucking autistic move,1,wallstreetbets,1612050362.0,1612049363.0
38,glfaijz,t3_l8yro2,Shit happens,1,wallstreetbets,1612051526.0,1612049363.0
39,glfak3p,t3_l8yro2,Lol,1,wallstreetbets,1612051548.0,1612049363.0
40,glfb64y,t3_l8yro2,"I love how they have the audacity to send you a smile with that sell order, like they knew they screwed you over by only paying you such a piss poor amount of cash for a clearly valuable piece of stock.

I better receive crying face emojis when I finally sell my GME stock for 100,000$ per share.",1,wallstreetbets,1612051867.0,1612049363.0
41,glfb7js,t3_l8yro2,That hurts,1,wallstreetbets,1612051888.0,1612049363.0
42,glfbhwq,t3_l8yro2,Prob sold it to Michael burry,1,wallstreetbets,1612052035.0,1612049363.0
43,glfbtzb,t3_l8yro2,Bruh.,1,wallstreetbets,1612052206.0,1612049363.0
44,glfbvur,t3_l8yro2,paper hands,1,wallstreetbets,1612052233.0,1612049363.0
45,glfc0zf,t3_l8yro2,u belong here tard,1,wallstreetbets,1612052308.0,1612049363.0
46,glfdo3d,t3_l8yro2,THREE DOLLARS LOOOOL,1,wallstreetbets,1612053148.0,1612049363.0
47,glfduvt,t3_l8yro2,They only gave me SiriusXM.  I'm gonna call them and tell them take the fucking Sirius back and give me GME,1,wallstreetbets,1612053246.0,1612049363.0
48,glfdxp5,t3_l8yro2,Same they gave me 2 gme stocks and I sold it for 8 bucks lol,1,wallstreetbets,1612053286.0,1612049363.0
49,glfeusl,t3_l8yro2,"I wonder if Robinhood knew back then that all the hedgies were shorting or planned to short this stock, so they gave it out as a free stock thinking the price would drop [ü§î](https://emojipedia.org/thinking-face/#:~:text=May%20be%20paired%20with%20%F0%9F%92%AD,to%20Emoji%201.0%20in%202015.) boy were they wrong",1,wallstreetbets,1612053754.0,1612049363.0
50,glfftnq,t3_l8yro2,"I'm wondering if RH is short $GME or did they pay cash for all the shares they gave away?  I bet some 4.0 MBA numb nuts said they had a great idea... Let's borrow $GMA and give it away because it only costs us the borrow and we never cover because it's BK soon anyway... Hmmm

So... RH COULD be double screwed!  Short $GME themselves, AND owe their market makers for daily settlements. RJ is toast next week.",1,wallstreetbets,1612054247.0,1612049363.0
51,glfifla,t3_l8yro2,One hell of a ride,1,wallstreetbets,1612055624.0,1612049363.0
52,glfkl4c,t3_l8yro2,üìúüìúüìú üß§üß§üß§üß§,1,wallstreetbets,1612056751.0,1612049363.0
53,glg4tdq,t3_l8yro2,Try not to think about it that way. Missed opportunities are really just opportunities to learn from.,1,wallstreetbets,1612067572.0,1612049363.0
54,glg55t8,t3_l8yro2,You sold it to DeepFuckingValue,1,wallstreetbets,1612067775.0,1612049363.0
55,glf6rt8,t3_l8yro2,I‚Äôm an Italian folk trying to understand if buying GME on Monday at 350$ will be a good choice...please help ü•∏,1,wallstreetbets,1612049583.0,1612049363.0
56,glf6t6x,t3_l8yro2,How high GME going to go if I buy back in over $300?,1,wallstreetbets,1612049603.0,1612049363.0
57,glf6kfq,t3_l8yro2,You mean smooth brain.,0,wallstreetbets,1612049478.0,1612049363.0
58,glf6x5i,t3_l8yro2,https://finance.yahoo.com/news/amc-entertainment-amc-moves-strong-170005657.html,-2,wallstreetbets,1612049658.0,1612049363.0
59,glf6mzv,t1_glf6f2u,ROBINHOOD SUPPORT WILL REVERSE THE TRADE IF YOU ASK KINDLY,62,wallstreetbets,1612049515.0,1612049363.0
60,glf8arc,t1_glf6f2u,Smooth brained into a few shares before close yesterday,8,wallstreetbets,1612050375.0,1612049363.0
61,glfpizx,t1_glf6f2u,**Yes BUY IT BACK! Tell them you made a mistake and you did't mean it**,2,wallstreetbets,1612059368.0,1612049363.0
62,glf6yzz,t1_glf6hco,Double pane? Asking for friend,10,wallstreetbets,1612049685.0,1612049363.0
63,glfdy32,t1_glf6hfd,Kiddie pool stuff,3,wallstreetbets,1612053291.0,1612049363.0
64,glf9bvx,t1_glf6o7f,I bought mine at 282 fuuuuuucckkk üò©üò©,2,wallstreetbets,1612050907.0,1612049363.0
65,glf8pe4,t1_glf6nfe,Ooooof,1,wallstreetbets,1612050582.0,1612049363.0
66,glfhu08,t1_glf6nfe,Okay that‚Äôs real pain,1,wallstreetbets,1612055307.0,1612049363.0
67,glf99ou,t1_glf7wy1,Duuuuudee imagine! Implanting an extra supply ahead of shorting. That‚Äôs some deep manipulative shit right there. I just like. GME.,4,wallstreetbets,1612050875.0,1612049363.0
68,glf7cpy,t1_glf6liv,Who should i be buying thru. I only have rh,1,wallstreetbets,1612049881.0,1612049363.0
69,glf9b7m,t1_glf924s, U,2,wallstreetbets,1612050897.0,1612049363.0
70,glfkrpj,t1_glf6mp6,Melvin sure will.,1,wallstreetbets,1612056848.0,1612049363.0
71,glflnib,t1_glf6neu,U,1,wallstreetbets,1612057309.0,1612049363.0
72,glfi9no,t1_glfdo3d,Not even... lost 0.,2,wallstreetbets,1612055537.0,1612049363.0
73,glfltji,t1_glf6rt8,"When GME hit $40, people wondered the same. Buy or get lost paper hands",1,wallstreetbets,1612057395.0,1612049363.0
74,glf6zte,t1_glf6mzv,If you get through - tell them to suck on Deez Nuts,23,wallstreetbets,1612049697.0,1612049363.0
75,glf77p3,t1_glf6mzv,If op were a billionaire hedgefund manager they'd suspend trading to stop his losses,6,wallstreetbets,1612049810.0,1612049363.0
76,glf9r44,t1_glf99ou,"I love the stock. Grew up on video games and GME always came through. I wouldn‚Äôt doubt they did it on purpose. With all the dots being connected, it looks very purposeful. But I‚Äôm a simple retard.",3,wallstreetbets,1612051126.0,1612049363.0
77,glf7ljw,t1_glf7cpy,[deleted],4,wallstreetbets,1612050008.0,1612049363.0
78,glfbvu1,t1_glf9b7m,C,2,wallstreetbets,1612052233.0,1612049363.0
79,glie8qf,t1_glfltji,You are right man..üí™,2,wallstreetbets,1612121523.0,1612049363.0
80,glf7wbx,t1_glf6zte,And my axe!,9,wallstreetbets,1612050162.0,1612049363.0
81,glfc6wp,t1_glf7ljw,Does it take a few days for transactions?,1,wallstreetbets,1612052394.0,1612049363.0
82,glfok47,t1_glf7ljw,Are you having problems placing sell limit orders with Fidelity? Because I am,1,wallstreetbets,1612058851.0,1612049363.0
83,glfcitq,t1_glfbvu1,C,2,wallstreetbets,1612052562.0,1612049363.0
84,gljj50n,t1_glie8qf,That‚Äôs the spirit üíéüíéüôåüèºüôåüèº,1,wallstreetbets,1612140740.0,1612049363.0
85,glfcc1o,t1_glfc6wp,[deleted],1,wallstreetbets,1612052467.0,1612049363.0
86,glfljdq,t1_glfcitq,K,2,wallstreetbets,1612057249.0,1612049363.0
87,glgy6qe,t1_glfcitq,Ruined it üòÇ,2,wallstreetbets,1612091428.0,1612049363.0
88,glfm8z8,t1_glfcc1o,"I set up TD and Fidelity today. Fuck RH. Got one GME yesterday at 320, but putting 3k into the expected dip Monday. Also set up SoFi, but it‚Äôs not finalized yet.",1,wallstreetbets,1612057625.0,1612049363.0
89,glf5uq1,t3_l8yonn,"This post was flaired as a YOLO so it's on the YOLO list. [Find more YOLOs here!](https://ns.reddit.com/r/wallstreetbets/search?sort=new&q=flair%3AYOLO&restrict_sr=on&t=da)

Hey /u/ModRetards the YOLO flair is for big dick trades that you're already in. If you misused the flair please change it. Mods have been notified of this thread.

[Submission Flair Guide](https://www.reddit.com/r/wallstreetbets/wiki/linkflair)

*I am a bot, and this action was performed automatically. Please [contact the moderators of this subreddit](/message/compose/?to=/r/wallstreetbets) if you have any questions or concerns.*",1,wallstreetbets,1612049115.0,1612049114.0
90,glf5u4j,t3_l8yojq,"This post was flaired as a YOLO so it's on the YOLO list. [Find more YOLOs here!](https://ns.reddit.com/r/wallstreetbets/search?sort=new&q=flair%3AYOLO&restrict_sr=on&t=da)

Hey /u/yaobanger the YOLO flair is for big dick trades that you're already in. If you misused the flair please change it. Mods have been notified of this thread.

[Submission Flair Guide](https://www.reddit.com/r/wallstreetbets/wiki/linkflair)

*I am a bot, and this action was performed automatically. Please [contact the moderators of this subreddit](/message/compose/?to=/r/wallstreetbets) if you have any questions or concerns.*",1,wallstreetbets,1612049106.0,1612049106.0
91,glf5gha,t3_l8ylxu,"This post was flaired as a YOLO so it's on the YOLO list. [Find more YOLOs here!](https://ns.reddit.com/r/wallstreetbets/search?sort=new&q=flair%3AYOLO&restrict_sr=on&t=da)

Hey /u/Mieckoe the YOLO flair is for big dick trades that you're already in. If you misused the flair please change it. Mods have been notified of this thread.

[Submission Flair Guide](https://www.reddit.com/r/wallstreetbets/wiki/linkflair)

*I am a bot, and this action was performed automatically. Please [contact the moderators of this subreddit](/message/compose/?to=/r/wallstreetbets) if you have any questions or concerns.*",1,wallstreetbets,1612048911.0,1612048911.0
92,glf5e0g,t3_l8ylhj,"This post was flaired as a YOLO so it's on the YOLO list. [Find more YOLOs here!](https://ns.reddit.com/r/wallstreetbets/search?sort=new&q=flair%3AYOLO&restrict_sr=on&t=da)

Hey /u/PulaDeBalaur69420 the YOLO flair is for big dick trades that you're already in. If you misused the flair please change it. Mods have been notified of this thread.

[Submission Flair Guide](https://www.reddit.com/r/wallstreetbets/wiki/linkflair)

*I am a bot, and this action was performed automatically. Please [contact the moderators of this subreddit](/message/compose/?to=/r/wallstreetbets) if you have any questions or concerns.*",1,wallstreetbets,1612048875.0,1612048875.0
93,glf5bzk,t3_l8ykjn,get the fk off,22,wallstreetbets,1612048846.0,1612048800.0
94,glf5e2x,t3_l8ykjn,You ain't missed shit yet. Buy gme and HOLD üíéüôåüíéüôåüöÄüöÄüöÄ,15,wallstreetbets,1612048876.0,1612048800.0
95,glf5e47,t3_l8ykjn,wtf are you doing retard,17,wallstreetbets,1612048877.0,1612048800.0
96,glf5fbj,t3_l8ykjn,Bullshit post designed to take away froM GME,15,wallstreetbets,1612048894.0,1612048800.0
97,glf5eci,t3_l8ykjn,Ban this guy,13,wallstreetbets,1612048880.0,1612048800.0
98,glf5hes,t3_l8ykjn,Fuck this silver falseflagging.,11,wallstreetbets,1612048924.0,1612048800.0
99,glf5el7,t3_l8ykjn,Found the shill!,8,wallstreetbets,1612048884.0,1612048800.0
100,glf5git,t3_l8ykjn,Buying silver like a true boomer. It will rise for sure but it WONT moon.,3,wallstreetbets,1612048912.0,1612048800.0
101,glf5hl7,t3_l8ykjn,Get out,5,wallstreetbets,1612048927.0,1612048800.0
102,glf5hr2,t3_l8ykjn,GTFO,4,wallstreetbets,1612048929.0,1612048800.0
103,glf5hye,t3_l8ykjn,I have a bar of silver sitting around somewhere but idk where tf it is. if i could find it i'd sell it to buy more gamestonks,4,wallstreetbets,1612048932.0,1612048800.0
104,glf58rl,t3_l8ykjn,"This post was flaired as a YOLO so it's on the YOLO list. [Find more YOLOs here!](https://ns.reddit.com/r/wallstreetbets/search?sort=new&q=flair%3AYOLO&restrict_sr=on&t=da)

Hey /u/zcook11 the YOLO flair is for big dick trades that you're already in. If you misused the flair please change it. Mods have been notified of this thread.

[Submission Flair Guide](https://www.reddit.com/r/wallstreetbets/wiki/linkflair)

*I am a bot, and this action was performed automatically. Please [contact the moderators of this subreddit](/message/compose/?to=/r/wallstreetbets) if you have any questions or concerns.*",1,wallstreetbets,1612048800.0,1612048800.0
105,glf5pw6,t3_l8ykjn,"Account came out of hibernation after not posting anything for over a year to create a post in an attempt to take away momentum of one of the biggest happenings in this subreddit.

Totally legit.",1,wallstreetbets,1612049046.0,1612048800.0
106,glf5sd3,t3_l8ykjn,"Nobody have ""missed"" anything yet!",1,wallstreetbets,1612049080.0,1612048800.0
107,glf5tfc,t3_l8ykjn,Nice try Mr Pillow guy.,1,wallstreetbets,1612049096.0,1612048800.0
108,glf5fzm,t3_l8ykjn,Lol get a safe and bolt it to the floor,1,wallstreetbets,1612048904.0,1612048800.0
109,glf5g8f,t3_l8ykjn,back to 80% loss porn in the near future,1,wallstreetbets,1612048907.0,1612048800.0
110,glf5gl7,t3_l8ykjn,"This is the best diversion yet. 

Can we do gourds next? I heard that‚Äôs on the rise.",1,wallstreetbets,1612048913.0,1612048800.0
111,glf5k4u,t3_l8ykjn,ban this bot!!,0,wallstreetbets,1612048962.0,1612048800.0
112,glf5lkz,t3_l8ykjn,Report these garbage posts by hedge fund spy shills,0,wallstreetbets,1612048984.0,1612048800.0
113,glf5mb1,t3_l8ykjn,Nobody listen to this dipshit. We're seeing alot of them,0,wallstreetbets,1612048994.0,1612048800.0
114,glf5mcr,t3_l8ykjn,JESUS CHRIST what an autist,0,wallstreetbets,1612048995.0,1612048800.0
115,glf5c4c,t3_l8ykjn,I'm jacked... jacked to the tits!,-2,wallstreetbets,1612048848.0,1612048800.0
116,glf6bbz,t1_glf5bzk,Pull out of me boys! You think I should cancel it and buy some more AMC?,1,wallstreetbets,1612049349.0,1612048800.0
117,glf5dw8,t1_glf58rl,Nice,0,wallstreetbets,1612048874.0,1612048800.0
118,glf6m5x,t1_glf5pw6,"Been saving up to make this purchase for a while my man. Just been reading about all that has been going on in this sub, and I am jacked for you guys. Just thought I would post to add to the silver crowd but if it is gonna piss all y'all off I can just delete it",1,wallstreetbets,1612049503.0,1612048800.0
119,glf59t4,t3_l8yk6m,This sucks,1,wallstreetbets,1612048815.0,1612048773.0
